route_id,service_id,trip_id,trip_headsign,direction_id,block_id,shape_id,wheelchair_accessible,bikes_allowed
1,1,604997,1 KENNY LIVINGSTON TO REYNOLDSBURG PARK AND RIDE,0,338826,45272,0,0
1,1,604998,1 KENNY LIVINGSTON TO REYNOLDSBURG PARK AND RIDE,0,338827,45273,0,0
1,1,604999,1 KENNY LIVINGSTON TO REYNOLDSBURG PARK AND RIDE,0,338828,45272,0,0
1,1,605000,1 KENNY LIVINGSTON TO REYNOLDSBURG PARK AND RIDE,0,338829,45273,0,0
1,1,605001,1 KENNY LIVINGSTON TO REYNOLDSBURG PARK AND RIDE,0,338830,45273,0,0
1,1,605002,1 KENNY LIVINGSTON TO REYNOLDSBURG PARK AND RIDE,0,338831,45273,0,0
1,1,605003,1 KENNY LIVINGSTON TO REYNOLDSBURG PARK AND RIDE,0,338832,45273,0,0
1,1,605004,1 KENNY LIVINGSTON TO REYNOLDSBURG PARK AND RIDE,0,338833,45273,0,0
1,1,605005,1 KENNY LIVINGSTON TO REYNOLDSBURG PARK AND RIDE,0,338834,45273,0,0
1,1,605006,1 KENNY LIVINGSTON TO REYNOLDSBURG PARK AND RIDE,0,338835,45273,0,0
1,1,605007,1 KENNY LIVINGSTON TO REYNOLDSBURG PARK AND RIDE,0,338826,45273,0,0
1,1,605008,1 KENNY LIVINGSTON TO REYNOLDSBURG PARK AND RIDE,0,338836,45272,0,0
1,1,605009,1 KENNY LIVINGSTON TO REYNOLDSBURG PARK AND RIDE,0,338837,45272,0,0
1,1,605010,1 KENNY LIVINGSTON TO REYNOLDSBURG PARK AND RIDE,0,338838,45272,0,0
1,1,605011,1 KENNY LIVINGSTON TO REYNOLDSBURG PARK AND RIDE,0,338839,45272,0,0
1,1,605012,1 KENNY LIVINGSTON TO REYNOLDSBURG PARK AND RIDE,0,338840,45272,0,0
1,1,605013,1 KENNY LIVINGSTON TO REYNOLDSBURG PARK AND RIDE,0,338841,45272,0,0
1,1,605014,1 KENNY LIVINGSTON TO REYNOLDSBURG PARK AND RIDE,0,338842,45272,0,0
1,1,605015,1 KENNY LIVINGSTON TO REYNOLDSBURG PARK AND RIDE,0,338843,45272,0,0
1,1,605016,1 KENNY LIVINGSTON TO REYNOLDSBURG PARK AND RIDE,0,338836,45272,0,0
1,1,605017,1 KENNY LIVINGSTON TO REYNOLDSBURG PARK AND RIDE,0,338837,45272,0,0
1,1,605018,1 KENNY LIVINGSTON TO REYNOLDSBURG PARK AND RIDE,0,338838,45272,0,0
1,1,605019,1 KENNY LIVINGSTON TO REYNOLDSBURG PARK AND RIDE,0,338833,45272,0,0
1,1,605020,1 KENNY LIVINGSTON TO REYNOLDSBURG PARK AND RIDE,0,338841,45272,0,0
1,1,605021,1 KENNY LIVINGSTON TO REYNOLDSBURG PARK AND RIDE,0,338826,45272,0,0
1,1,605022,1 KENNY LIVINGSTON TO REYNOLDSBURG PARK AND RIDE,0,338844,45272,0,0
1,1,605023,1 KENNY LIVINGSTON TO REYNOLDSBURG PARK AND RIDE,0,338845,45272,0,0
1,1,605024,1 KENNY LIVINGSTON TO REYNOLDSBURG PARK AND RIDE,0,338829,45272,0,0
1,1,605025,1 KENNY LIVINGSTON TO REYNOLDSBURG PARK AND RIDE,0,338831,45272,0,0
1,1,605026,1 KENNY LIVINGSTON TO REYNOLDSBURG PARK AND RIDE,0,338839,45272,0,0
1,1,605027,1 KENNY LIVINGSTON TO REYNOLDSBURG PARK AND RIDE,0,338844,45273,0,0
1,1,605028,1 KENNY LIVINGSTON TO REYNOLDSBURG PARK AND RIDE,0,338845,45273,0,0
1,1,605029,1 KENNY LIVINGSTON TO REYNOLDSBURG PARK AND RIDE,0,338829,45273,0,0
1,1,605030,1 KENNY LIVINGSTON TO REYNOLDSBURG PARK AND RIDE,0,338831,45273,0,0
1,1,605031,1 KENNY LIVINGSTON TO REYNOLDSBURG PARK AND RIDE,0,338839,45273,0,0
1,1,605032,1 KENNY LIVINGSTON TO REYNOLDSBURG PARK AND RIDE,0,338834,45273,0,0
1,1,605033,1 KENNY LIVINGSTON TO REYNOLDSBURG PARK AND RIDE,0,338842,45273,0,0
1,1,605034,1 KENNY LIVINGSTON TO REYNOLDSBURG PARK AND RIDE,0,338843,45273,0,0
1,1,605035,1 KENNY LIVINGSTON TO REYNOLDSBURG PARK AND RIDE,0,338836,45273,0,0
1,1,605036,1 KENNY LIVINGSTON TO REYNOLDSBURG PARK AND RIDE,0,338837,45273,0,0
1,1,605037,1 KENNY LIVINGSTON TO REYNOLDSBURG PARK AND RIDE,0,338838,45273,0,0
1,1,605038,1 KENNY LIVINGSTON TO REYNOLDSBURG PARK AND RIDE,0,338833,45273,0,0
1,1,605039,1 KENNY LIVINGSTON TO REYNOLDSBURG PARK AND RIDE,0,338834,45272,0,0
1,1,605040,1 KENNY LIVINGSTON TO REYNOLDSBURG PARK AND RIDE,0,338846,45272,0,0
1,1,605041,1 KENNY LIVINGSTON TO REYNOLDSBURG PARK AND RIDE,0,338842,45272,0,0
1,1,605042,1 KENNY LIVINGSTON TO REYNOLDSBURG PARK AND RIDE,0,338843,45272,0,0
1,1,605043,1 KENNY LIVINGSTON TO REYNOLDSBURG PARK AND RIDE,0,338847,45272,0,0
1,1,605044,1 KENNY LIVINGSTON TO REYNOLDSBURG PARK AND RIDE,0,340399,45272,0,0
1,1,605045,1 KENNY LIVINGSTON TO REYNOLDSBURG PARK AND RIDE,0,338837,45272,0,0
1,1,605046,1 KENNY LIVINGSTON TO REYNOLDSBURG PARK AND RIDE,0,338831,45272,0,0
1,1,605047,1 KENNY LIVINGSTON TO REYNOLDSBURG PARK AND RIDE,0,340405,45272,0,0
1,1,605048,1 KENNY LIVINGSTON TO REYNOLDSBURG PARK AND RIDE,0,338833,45272,0,0
1,1,605049,1 KENNY LIVINGSTON TO REYNOLDSBURG PARK AND RIDE,0,338849,45272,0,0
1,1,605050,1 KENNY LIVINGSTON TO REYNOLDSBURG PARK AND RIDE,0,338841,45272,0,0
1,1,605051,1 KENNY LIVINGSTON TO REYNOLDSBURG PARK AND RIDE,0,338849,45273,0,0
1,1,605052,1 KENNY LIVINGSTON TO REYNOLDSBURG PARK AND RIDE,0,338841,45273,0,0
1,1,605053,1 KENNY LIVINGSTON TO REYNOLDSBURG PARK AND RIDE,0,340417,45273,0,0
1,1,605054,1 KENNY LIVINGSTON TO REYNOLDSBURG PARK AND RIDE,0,338826,45273,0,0
1,1,605055,1 KENNY LIVINGSTON TO REYNOLDSBURG PARK AND RIDE,0,338844,45273,0,0
1,1,605056,1 KENNY LIVINGSTON TO REYNOLDSBURG PARK AND RIDE,0,340419,45273,0,0
1,1,605057,1 KENNY LIVINGSTON TO REYNOLDSBURG PARK AND RIDE,0,338845,45273,0,0
1,1,605058,1 KENNY LIVINGSTON TO REYNOLDSBURG PARK AND RIDE,0,338836,45273,0,0
1,1,605059,1 KENNY LIVINGSTON TO REYNOLDSBURG PARK AND RIDE,0,338829,45273,0,0
1,1,605060,1 KENNY LIVINGSTON TO REYNOLDSBURG PARK AND RIDE,0,340402,45273,0,0
1,1,605061,1 KENNY LIVINGSTON TO REYNOLDSBURG PARK AND RIDE,0,338839,45273,0,0
1,1,605062,1 KENNY LIVINGSTON TO REYNOLDSBURG PARK AND RIDE,0,340417,45272,0,0
1,1,605063,1 KENNY LIVINGSTON TO REYNOLDSBURG PARK AND RIDE,0,338826,45272,0,0
1,1,605064,1 KENNY LIVINGSTON TO REYNOLDSBURG PARK AND RIDE,0,338837,45272,0,0
1,1,605065,1 KENNY LIVINGSTON TO REYNOLDSBURG PARK AND RIDE,0,338836,45272,0,0
1,1,605066,1 KENNY LIVINGSTON TO REYNOLDSBURG PARK AND RIDE,0,340402,45272,0,0
1,1,605067,1 KENNY LIVINGSTON TO REYNOLDSBURG PARK AND RIDE,0,338846,45273,0,0
1,1,605068,1 KENNY LIVINGSTON TO REYNOLDSBURG PARK AND RIDE,0,338843,45273,0,0
1,1,605069,1 KENNY LIVINGSTON TO REYNOLDSBURG PARK AND RIDE,0,338847,45273,0,0
1,1,605070,1 KENNY LIVINGSTON TO REYNOLDSBURG PARK AND RIDE,0,338845,45273,0,0
1,1,605071,1 KENNY LIVINGSTON TO REYNOLDSBURG PARK AND RIDE,0,338829,45274,0,0
1,1,605072,1 KENNY LIVINGSTON TO REYNOLDSBURG PARK AND RIDE,0,338846,45272,0,0
1,1,605073,1 KENNY LIVINGSTON TO REYNOLDSBURG PARK AND RIDE,0,338853,45272,0,0
1,1,605074,1 KENNY LIVINGSTON TO REYNOLDSBURG PARK AND RIDE,0,338841,45274,0,0
1,1,605075,1 KENNY LIVINGSTON TO REYNOLDSBURG PARK AND RIDE,0,338837,45274,0,0
1,1,605076,1 KENNY LIVINGSTON TO SAWMILL AND BETHEL,1,338833,45278,0,0
1,1,605077,1 KENNY LIVINGSTON TO SAWMILL AND BETHEL,1,338831,45278,0,0
1,1,605078,1 KENNY LIVINGSTON TO RIVERSIDE HOSPITAL,1,338839,45277,0,0
1,1,605079,1 KENNY LIVINGSTON TO SAWMILL AND BETHEL,1,338835,45278,0,0
1,1,605080,1 KENNY LIVINGSTON TO SAWMILL AND BETHEL,1,338826,45278,0,0
1,1,605081,1 KENNY LIVINGSTON TO SAWMILL AND BETHEL,1,338844,45278,0,0
1,1,605082,1 KENNY LIVINGSTON TO SAWMILL AND BETHEL,1,338827,45278,0,0
1,1,605083,1 KENNY LIVINGSTON TO SAWMILL AND BETHEL,1,338845,45278,0,0
1,1,605084,1 KENNY LIVINGSTON TO SAWMILL AND BETHEL,1,338829,45278,0,0
1,1,605085,1 KENNY LIVINGSTON TO SAWMILL AND BETHEL,1,338830,45278,0,0
1,1,605086,1 KENNY LIVINGSTON TO SAWMILL AND BETHEL,1,338831,45278,0,0
1,1,605087,1 KENNY LIVINGSTON TO RIVERSIDE HOSPITAL,1,338840,45277,0,0
1,1,605088,1 KENNY LIVINGSTON TO RIVERSIDE HOSPITAL,1,338841,45277,0,0
1,1,605089,1 KENNY LIVINGSTON TO RIVERSIDE HOSPITAL,1,338842,45277,0,0
1,1,605090,1 KENNY LIVINGSTON TO RIVERSIDE HOSPITAL,1,338843,45277,0,0
1,1,605091,1 KENNY LIVINGSTON TO RIVERSIDE HOSPITAL,1,338828,45277,0,0
1,1,605092,1 KENNY LIVINGSTON TO RIVERSIDE HOSPITAL,1,338836,45277,0,0
1,1,605093,1 KENNY LIVINGSTON TO RIVERSIDE HOSPITAL,1,338837,45277,0,0
1,1,605094,1 KENNY LIVINGSTON TO RIVERSIDE HOSPITAL,1,338838,45277,0,0
1,1,605095,1 KENNY LIVINGSTON TO RIVERSIDE HOSPITAL,1,338833,45277,0,0
1,1,605096,1 KENNY LIVINGSTON TO RIVERSIDE HOSPITAL,1,338841,45277,0,0
1,1,605097,1 KENNY LIVINGSTON TO RIVERSIDE HOSPITAL,1,338826,45277,0,0
1,1,605098,1 KENNY LIVINGSTON TO RIVERSIDE HOSPITAL,1,338844,45277,0,0
1,1,605099,1 KENNY LIVINGSTON TO RIVERSIDE HOSPITAL,1,338845,45277,0,0
1,1,605100,1 KENNY LIVINGSTON TO RIVERSIDE HOSPITAL,1,338829,45277,0,0
1,1,605101,1 KENNY LIVINGSTON TO RIVERSIDE HOSPITAL,1,338831,45277,0,0
1,1,605102,1 KENNY LIVINGSTON TO RIVERSIDE HOSPITAL,1,338839,45277,0,0
1,1,605103,1 KENNY LIVINGSTON TO RIVERSIDE HOSPITAL,1,338834,45277,0,0
1,1,605104,1 KENNY LIVINGSTON TO RIVERSIDE HOSPITAL,1,338842,45277,0,0
1,1,605105,1 KENNY LIVINGSTON TO RIVERSIDE HOSPITAL,1,338843,45277,0,0
1,1,605106,1 KENNY LIVINGSTON TO SAWMILL AND BETHEL,1,338839,45278,0,0
1,1,605107,1 KENNY LIVINGSTON TO SAWMILL AND BETHEL,1,338834,45278,0,0
1,1,605108,1 KENNY LIVINGSTON TO SAWMILL AND BETHEL,1,338842,45278,0,0
1,1,605109,1 KENNY LIVINGSTON TO SAWMILL AND BETHEL,1,338843,45278,0,0
1,1,605110,1 KENNY LIVINGSTON TO SAWMILL AND BETHEL,1,338836,45278,0,0
1,1,605111,1 KENNY LIVINGSTON TO SAWMILL AND BETHEL,1,338837,45278,0,0
1,1,605112,1 KENNY LIVINGSTON TO SAWMILL AND BETHEL,1,338838,45278,0,0
1,1,605113,1 KENNY LIVINGSTON TO SAWMILL AND BETHEL,1,338833,45278,0,0
1,1,605114,1 KENNY LIVINGSTON TO SAWMILL AND BETHEL,1,338841,45278,0,0
1,1,605115,1 KENNY LIVINGSTON TO SAWMILL AND BETHEL,1,338826,45278,0,0
1,1,605116,1 KENNY LIVINGSTON TO SAWMILL AND BETHEL,1,338844,45278,0,0
1,1,605117,1 KENNY LIVINGSTON TO SAWMILL AND BETHEL,1,338845,45278,0,0
1,1,605118,1 KENNY LIVINGSTON TO RIVERSIDE HOSPITAL,1,338847,45277,0,0
1,1,605119,1 KENNY LIVINGSTON TO RIVERSIDE HOSPITAL,1,340399,45277,0,0
1,1,605120,1 KENNY LIVINGSTON TO RIVERSIDE HOSPITAL,1,338837,45277,0,0
1,1,605121,1 KENNY LIVINGSTON TO RIVERSIDE HOSPITAL,1,338831,45277,0,0
1,1,605122,1 KENNY LIVINGSTON TO RIVERSIDE HOSPITAL,1,340405,45277,0,0
1,1,605123,1 KENNY LIVINGSTON TO RIVERSIDE HOSPITAL,1,338833,45277,0,0
1,1,605124,1 KENNY LIVINGSTON TO RIVERSIDE HOSPITAL,1,338849,45277,0,0
1,1,605125,1 KENNY LIVINGSTON TO RIVERSIDE HOSPITAL,1,338841,45277,0,0
1,1,605126,1 KENNY LIVINGSTON TO RIVERSIDE HOSPITAL,1,340417,45277,0,0
1,1,605127,1 KENNY LIVINGSTON TO RIVERSIDE HOSPITAL,1,338826,45277,0,0
1,1,605128,1 KENNY LIVINGSTON TO RIVERSIDE HOSPITAL,1,338844,45277,0,0
1,1,605129,1 KENNY LIVINGSTON TO SAWMILL AND BETHEL,1,338836,45278,0,0
1,1,605130,1 KENNY LIVINGSTON TO SAWMILL AND BETHEL,1,338829,45278,0,0
1,1,605131,1 KENNY LIVINGSTON TO SAWMILL AND BETHEL,1,340402,45278,0,0
1,1,605132,1 KENNY LIVINGSTON TO SAWMILL AND BETHEL,1,338838,45278,0,0
1,1,605133,1 KENNY LIVINGSTON TO SAWMILL AND BETHEL,1,338839,45278,0,0
1,1,605134,1 KENNY LIVINGSTON TO SAWMILL AND BETHEL,1,338834,45278,0,0
1,1,605135,1 KENNY LIVINGSTON TO SAWMILL AND BETHEL,1,338846,45278,0,0
1,1,605136,1 KENNY LIVINGSTON TO SAWMILL AND BETHEL,1,338842,45278,0,0
1,1,605137,1 KENNY LIVINGSTON TO SAWMILL AND BETHEL,1,338843,45278,0,0
1,1,605138,1 KENNY LIVINGSTON TO SAWMILL AND BETHEL,1,338847,45278,0,0
1,1,605139,1 KENNY LIVINGSTON TO SAWMILL AND BETHEL,1,340399,45278,0,0
1,1,605140,1 KENNY LIVINGSTON TO RIVERSIDE HOSPITAL,1,338837,45277,0,0
1,1,605141,1 KENNY LIVINGSTON TO SAWMILL AND BETHEL,1,338845,45278,0,0
1,1,605142,1 KENNY LIVINGSTON TO SAWMILL AND BETHEL,1,338829,45278,0,0
1,1,605143,1 KENNY LIVINGSTON TO SAWMILL AND BETHEL,1,338849,45278,0,0
1,1,605144,1 KENNY LIVINGSTON TO SAWMILL AND BETHEL,1,338841,45278,0,0
1,1,605145,1 KENNY LIVINGSTON TO SAWMILL AND BETHEL,1,338843,45278,0,0
1,1,605146,1 KENNY LIVINGSTON TO RIVERSIDE HOSPITAL,1,338836,45277,0,0
1,1,605147,1 KENNY LIVINGSTON TO RIVERSIDE HOSPITAL,1,340402,45277,0,0
1,1,605148,1 KENNY LIVINGSTON TO RIVERSIDE HOSPITAL,1,338839,45277,0,0
1,1,605149,1 KENNY LIVINGSTON TO RIVERSIDE HOSPITAL,1,338846,45277,0,0
1,1,605150,1 KENNY LIVINGSTON TO SAWMILL AND BETHEL,1,338837,45279,0,0
1,1,605151,1 KENNY LIVINGSTON TO RIVERSIDE HOSPITAL,1,338836,45277,0,0
1,1,605152,1 KENNY LIVINGSTON TO RIVERSIDE HOSPITAL,1,340402,45277,0,0
1,1,605153,1 KENNY LIVINGSTON TO SAWMILL AND BETHEL,1,338845,45279,0,0
1,1,605154,1 KENNY LIVINGSTON TO SAWMILL AND BETHEL,1,338829,45279,0,0
1,2,605327,1 KENNY LIVINGSTON TO REYNOLDSBURG PARK AND RIDE,0,338888,45273,0,0
1,2,605328,1 KENNY LIVINGSTON TO REYNOLDSBURG PARK AND RIDE,0,338889,45272,0,0
1,2,605329,1 KENNY LIVINGSTON TO REYNOLDSBURG PARK AND RIDE,0,338890,45273,0,0
1,2,605330,1 KENNY LIVINGSTON TO REYNOLDSBURG PARK AND RIDE,0,338891,45272,0,0
1,2,605331,1 KENNY LIVINGSTON TO REYNOLDSBURG PARK AND RIDE,0,338892,45273,0,0
1,2,605332,1 KENNY LIVINGSTON TO REYNOLDSBURG PARK AND RIDE,0,338893,45272,0,0
1,2,605333,1 KENNY LIVINGSTON TO REYNOLDSBURG PARK AND RIDE,0,338894,45273,0,0
1,2,605334,1 KENNY LIVINGSTON TO REYNOLDSBURG PARK AND RIDE,0,338895,45272,0,0
1,2,605335,1 KENNY LIVINGSTON TO REYNOLDSBURG PARK AND RIDE,0,338896,45273,0,0
1,2,605336,1 KENNY LIVINGSTON TO REYNOLDSBURG PARK AND RIDE,0,338888,45272,0,0
1,2,605337,1 KENNY LIVINGSTON TO REYNOLDSBURG PARK AND RIDE,0,338897,45273,0,0
1,2,605338,1 KENNY LIVINGSTON TO REYNOLDSBURG PARK AND RIDE,0,338898,45272,0,0
1,2,605339,1 KENNY LIVINGSTON TO REYNOLDSBURG PARK AND RIDE,0,338899,45273,0,0
1,2,605340,1 KENNY LIVINGSTON TO REYNOLDSBURG PARK AND RIDE,0,338889,45272,0,0
1,2,605341,1 KENNY LIVINGSTON TO REYNOLDSBURG PARK AND RIDE,0,338900,45273,0,0
1,2,605342,1 KENNY LIVINGSTON TO REYNOLDSBURG PARK AND RIDE,0,338891,45272,0,0
1,2,605343,1 KENNY LIVINGSTON TO REYNOLDSBURG PARK AND RIDE,0,338890,45273,0,0
1,2,605344,1 KENNY LIVINGSTON TO REYNOLDSBURG PARK AND RIDE,0,338893,45272,0,0
1,2,605345,1 KENNY LIVINGSTON TO REYNOLDSBURG PARK AND RIDE,0,338892,45273,0,0
1,2,605346,1 KENNY LIVINGSTON TO REYNOLDSBURG PARK AND RIDE,0,338895,45272,0,0
1,2,605347,1 KENNY LIVINGSTON TO REYNOLDSBURG PARK AND RIDE,0,338894,45273,0,0
1,2,605348,1 KENNY LIVINGSTON TO REYNOLDSBURG PARK AND RIDE,0,338888,45272,0,0
1,2,605349,1 KENNY LIVINGSTON TO REYNOLDSBURG PARK AND RIDE,0,338896,45273,0,0
1,2,605350,1 KENNY LIVINGSTON TO REYNOLDSBURG PARK AND RIDE,0,338898,45272,0,0
1,2,605351,1 KENNY LIVINGSTON TO REYNOLDSBURG PARK AND RIDE,0,338897,45273,0,0
1,2,605352,1 KENNY LIVINGSTON TO REYNOLDSBURG PARK AND RIDE,0,338889,45272,0,0
1,2,605353,1 KENNY LIVINGSTON TO REYNOLDSBURG PARK AND RIDE,0,338899,45273,0,0
1,2,605354,1 KENNY LIVINGSTON TO REYNOLDSBURG PARK AND RIDE,0,338891,45272,0,0
1,2,605355,1 KENNY LIVINGSTON TO REYNOLDSBURG PARK AND RIDE,0,338900,45273,0,0
1,2,605356,1 KENNY LIVINGSTON TO REYNOLDSBURG PARK AND RIDE,0,338890,45272,0,0
1,2,605357,1 KENNY LIVINGSTON TO REYNOLDSBURG PARK AND RIDE,0,338901,45273,0,0
1,2,605358,1 KENNY LIVINGSTON TO REYNOLDSBURG PARK AND RIDE,0,338892,45272,0,0
1,2,605359,1 KENNY LIVINGSTON TO REYNOLDSBURG PARK AND RIDE,0,338895,45272,0,0
1,2,605360,1 KENNY LIVINGSTON TO REYNOLDSBURG PARK AND RIDE,0,338897,45272,0,0
1,2,605361,1 KENNY LIVINGSTON TO REYNOLDSBURG PARK AND RIDE,0,338890,45272,0,0
1,2,605362,1 KENNY LIVINGSTON TO REYNOLDSBURG PARK AND RIDE,0,338892,45273,0,0
1,2,605363,1 KENNY LIVINGSTON TO REYNOLDSBURG PARK AND RIDE,0,338894,45272,0,0
1,2,605364,1 KENNY LIVINGSTON TO REYNOLDSBURG PARK AND RIDE,0,338896,45273,0,0
1,2,605365,1 KENNY LIVINGSTON TO REYNOLDSBURG PARK AND RIDE,0,338895,45272,0,0
1,2,605366,1 KENNY LIVINGSTON TO REYNOLDSBURG PARK AND RIDE,0,338897,45273,0,0
1,2,605367,1 KENNY LIVINGSTON TO REYNOLDSBURG PARK AND RIDE,0,338888,45272,0,0
1,2,605368,1 KENNY LIVINGSTON TO REYNOLDSBURG PARK AND RIDE,0,338899,45273,0,0
1,2,605369,1 KENNY LIVINGSTON TO REYNOLDSBURG PARK AND RIDE,0,338898,45272,0,0
1,2,605370,1 KENNY LIVINGSTON TO REYNOLDSBURG PARK AND RIDE,0,338900,45273,0,0
1,2,605371,1 KENNY LIVINGSTON TO REYNOLDSBURG PARK AND RIDE,0,338893,45273,0,0
1,2,605372,1 KENNY LIVINGSTON TO REYNOLDSBURG PARK AND RIDE,0,338894,45272,0,0
1,2,605373,1 KENNY LIVINGSTON TO REYNOLDSBURG PARK AND RIDE,0,338895,45273,0,0
1,2,605374,1 KENNY LIVINGSTON TO REYNOLDSBURG PARK AND RIDE,0,338896,45272,0,0
1,2,605375,1 KENNY LIVINGSTON TO REYNOLDSBURG PARK AND RIDE,0,338888,45273,0,0
1,2,605376,1 KENNY LIVINGSTON TO REYNOLDSBURG PARK AND RIDE,0,338897,45272,0,0
1,2,605377,1 KENNY LIVINGSTON TO REYNOLDSBURG PARK AND RIDE,0,338898,45273,0,0
1,2,605378,1 KENNY LIVINGSTON TO REYNOLDSBURG PARK AND RIDE,0,338899,45272,0,0
1,2,605379,1 KENNY LIVINGSTON TO REYNOLDSBURG PARK AND RIDE,0,338889,45273,0,0
1,2,605380,1 KENNY LIVINGSTON TO REYNOLDSBURG PARK AND RIDE,0,338900,45272,0,0
1,2,605381,1 KENNY LIVINGSTON TO REYNOLDSBURG PARK AND RIDE,0,338891,45273,0,0
1,2,605382,1 KENNY LIVINGSTON TO REYNOLDSBURG PARK AND RIDE,0,338901,45272,0,0
1,2,605383,1 KENNY LIVINGSTON TO REYNOLDSBURG PARK AND RIDE,0,338892,45273,0,0
1,2,605384,1 KENNY LIVINGSTON TO REYNOLDSBURG PARK AND RIDE,0,338893,45272,0,0
1,2,605385,1 KENNY LIVINGSTON TO REYNOLDSBURG PARK AND RIDE,0,338900,45272,0,0
1,2,605386,1 KENNY LIVINGSTON TO REYNOLDSBURG PARK AND RIDE,0,338895,45272,0,0
1,2,605387,1 KENNY LIVINGSTON TO REYNOLDSBURG PARK AND RIDE,0,338890,45273,0,0
1,2,605388,1 KENNY LIVINGSTON TO REYNOLDSBURG PARK AND RIDE,0,338894,45273,0,0
1,2,605389,1 KENNY LIVINGSTON TO REYNOLDSBURG PARK AND RIDE,0,338898,45274,0,0
1,2,605390,1 KENNY LIVINGSTON TO REYNOLDSBURG PARK AND RIDE,0,338889,45274,0,0
1,2,605391,1 KENNY LIVINGSTON TO REYNOLDSBURG PARK AND RIDE,0,338893,45274,0,0
1,2,605392,1 KENNY LIVINGSTON TO SAWMILL AND BETHEL,1,338896,45278,0,0
1,2,605393,1 KENNY LIVINGSTON TO RIVERSIDE HOSPITAL,1,338894,45277,0,0
1,2,605394,1 KENNY LIVINGSTON TO SAWMILL AND BETHEL,1,338899,45278,0,0
1,2,605395,1 KENNY LIVINGSTON TO RIVERSIDE HOSPITAL,1,338888,45277,0,0
1,2,605396,1 KENNY LIVINGSTON TO SAWMILL AND BETHEL,1,338890,45278,0,0
1,2,605397,1 KENNY LIVINGSTON TO RIVERSIDE HOSPITAL,1,338889,45277,0,0
1,2,605398,1 KENNY LIVINGSTON TO SAWMILL AND BETHEL,1,338892,45278,0,0
1,2,605399,1 KENNY LIVINGSTON TO RIVERSIDE HOSPITAL,1,338891,45277,0,0
1,2,605400,1 KENNY LIVINGSTON TO SAWMILL AND BETHEL,1,338894,45278,0,0
1,2,605401,1 KENNY LIVINGSTON TO RIVERSIDE HOSPITAL,1,338893,45277,0,0
1,2,605402,1 KENNY LIVINGSTON TO SAWMILL AND BETHEL,1,338896,45278,0,0
1,2,605403,1 KENNY LIVINGSTON TO RIVERSIDE HOSPITAL,1,338895,45277,0,0
1,2,605404,1 KENNY LIVINGSTON TO SAWMILL AND BETHEL,1,338897,45278,0,0
1,2,605405,1 KENNY LIVINGSTON TO RIVERSIDE HOSPITAL,1,338888,45277,0,0
1,2,605406,1 KENNY LIVINGSTON TO SAWMILL AND BETHEL,1,338899,45278,0,0
1,2,605407,1 KENNY LIVINGSTON TO RIVERSIDE HOSPITAL,1,338898,45277,0,0
1,2,605408,1 KENNY LIVINGSTON TO SAWMILL AND BETHEL,1,338900,45278,0,0
1,2,605409,1 KENNY LIVINGSTON TO RIVERSIDE HOSPITAL,1,338889,45277,0,0
1,2,605410,1 KENNY LIVINGSTON TO SAWMILL AND BETHEL,1,338890,45278,0,0
1,2,605411,1 KENNY LIVINGSTON TO RIVERSIDE HOSPITAL,1,338891,45277,0,0
1,2,605412,1 KENNY LIVINGSTON TO SAWMILL AND BETHEL,1,338892,45278,0,0
1,2,605413,1 KENNY LIVINGSTON TO RIVERSIDE HOSPITAL,1,338893,45277,0,0
1,2,605414,1 KENNY LIVINGSTON TO SAWMILL AND BETHEL,1,338894,45278,0,0
1,2,605415,1 KENNY LIVINGSTON TO RIVERSIDE HOSPITAL,1,338895,45277,0,0
1,2,605416,1 KENNY LIVINGSTON TO SAWMILL AND BETHEL,1,338896,45278,0,0
1,2,605417,1 KENNY LIVINGSTON TO SAWMILL AND BETHEL,1,338893,45278,0,0
1,2,605418,1 KENNY LIVINGSTON TO SAWMILL AND BETHEL,1,338888,45278,0,0
1,2,605419,1 KENNY LIVINGSTON TO RIVERSIDE HOSPITAL,1,338896,45277,0,0
1,2,605420,1 KENNY LIVINGSTON TO SAWMILL AND BETHEL,1,338898,45278,0,0
1,2,605421,1 KENNY LIVINGSTON TO RIVERSIDE HOSPITAL,1,338897,45277,0,0
1,2,605422,1 KENNY LIVINGSTON TO SAWMILL AND BETHEL,1,338889,45278,0,0
1,2,605423,1 KENNY LIVINGSTON TO RIVERSIDE HOSPITAL,1,338900,45277,0,0
1,2,605424,1 KENNY LIVINGSTON TO SAWMILL AND BETHEL,1,338898,45279,0,0
1,2,605425,1 KENNY LIVINGSTON TO RIVERSIDE HOSPITAL,1,338888,45277,0,0
1,2,605426,1 KENNY LIVINGSTON TO SAWMILL AND BETHEL,1,338897,45278,0,0
1,2,605427,1 KENNY LIVINGSTON TO RIVERSIDE HOSPITAL,1,338898,45277,0,0
1,2,605428,1 KENNY LIVINGSTON TO SAWMILL AND BETHEL,1,338899,45278,0,0
1,2,605429,1 KENNY LIVINGSTON TO RIVERSIDE HOSPITAL,1,338889,45277,0,0
1,2,605430,1 KENNY LIVINGSTON TO SAWMILL AND BETHEL,1,338900,45278,0,0
1,2,605431,1 KENNY LIVINGSTON TO RIVERSIDE HOSPITAL,1,338891,45277,0,0
1,2,605432,1 KENNY LIVINGSTON TO SAWMILL AND BETHEL,1,338901,45278,0,0
1,2,605433,1 KENNY LIVINGSTON TO RIVERSIDE HOSPITAL,1,338890,45277,0,0
1,2,605434,1 KENNY LIVINGSTON TO RIVERSIDE HOSPITAL,1,338892,45277,0,0
1,2,605435,1 KENNY LIVINGSTON TO SAWMILL AND BETHEL,1,338895,45278,0,0
1,2,605436,1 KENNY LIVINGSTON TO RIVERSIDE HOSPITAL,1,338894,45277,0,0
1,2,605437,1 KENNY LIVINGSTON TO RIVERSIDE HOSPITAL,1,338899,45277,0,0
1,2,605438,1 KENNY LIVINGSTON TO SAWMILL AND BETHEL,1,338891,45278,0,0
1,2,605439,1 KENNY LIVINGSTON TO RIVERSIDE HOSPITAL,1,338900,45277,0,0
1,2,605440,1 KENNY LIVINGSTON TO SAWMILL AND BETHEL,1,338890,45278,0,0
1,2,605441,1 KENNY LIVINGSTON TO RIVERSIDE HOSPITAL,1,338901,45277,0,0
1,2,605442,1 KENNY LIVINGSTON TO SAWMILL AND BETHEL,1,338892,45278,0,0
1,2,605443,1 KENNY LIVINGSTON TO RIVERSIDE HOSPITAL,1,338893,45277,0,0
1,2,605444,1 KENNY LIVINGSTON TO SAWMILL AND BETHEL,1,338894,45278,0,0
1,2,605445,1 KENNY LIVINGSTON TO RIVERSIDE HOSPITAL,1,338895,45277,0,0
1,2,605446,1 KENNY LIVINGSTON TO SAWMILL AND BETHEL,1,338898,45278,0,0
1,2,605447,1 KENNY LIVINGSTON TO RIVERSIDE HOSPITAL,1,338897,45277,0,0
1,2,605448,1 KENNY LIVINGSTON TO SAWMILL AND BETHEL,1,338901,45278,0,0
1,2,605449,1 KENNY LIVINGSTON TO RIVERSIDE HOSPITAL,1,338899,45277,0,0
1,2,605450,1 KENNY LIVINGSTON TO SAWMILL AND BETHEL,1,338893,45279,0,0
1,2,605451,1 KENNY LIVINGSTON TO SAWMILL AND BETHEL,1,338896,45278,0,0
1,2,605452,1 KENNY LIVINGSTON TO SAWMILL AND BETHEL,1,338889,45278,0,0
1,2,605453,1 KENNY LIVINGSTON TO RIVERSIDE HOSPITAL,1,338895,45277,0,0
1,2,605454,1 KENNY LIVINGSTON TO SAWMILL AND BETHEL,1,338894,45279,0,0
1,2,605455,1 KENNY LIVINGSTON TO RIVERSIDE HOSPITAL,1,338897,45277,0,0
1,3,605456,1 KENNY LIVINGSTON TO REYNOLDSBURG PARK AND RIDE,0,338902,45272,0,0
1,3,605457,1 KENNY LIVINGSTON TO REYNOLDSBURG PARK AND RIDE,0,338903,45273,0,0
1,3,605458,1 KENNY LIVINGSTON TO REYNOLDSBURG PARK AND RIDE,0,338904,45273,0,0
1,3,605459,1 KENNY LIVINGSTON TO REYNOLDSBURG PARK AND RIDE,0,338905,45273,0,0
1,3,605460,1 KENNY LIVINGSTON TO REYNOLDSBURG PARK AND RIDE,0,338906,45272,0,0
1,3,605461,1 KENNY LIVINGSTON TO REYNOLDSBURG PARK AND RIDE,0,338907,45273,0,0
1,3,605462,1 KENNY LIVINGSTON TO REYNOLDSBURG PARK AND RIDE,0,338908,45272,0,0
1,3,605463,1 KENNY LIVINGSTON TO REYNOLDSBURG PARK AND RIDE,0,338909,45273,0,0
1,3,605464,1 KENNY LIVINGSTON TO REYNOLDSBURG PARK AND RIDE,0,338910,45272,0,0
1,3,605465,1 KENNY LIVINGSTON TO REYNOLDSBURG PARK AND RIDE,0,338911,45273,0,0
1,3,605466,1 KENNY LIVINGSTON TO REYNOLDSBURG PARK AND RIDE,0,338903,45272,0,0
1,3,605467,1 KENNY LIVINGSTON TO REYNOLDSBURG PARK AND RIDE,0,338902,45273,0,0
1,3,605468,1 KENNY LIVINGSTON TO REYNOLDSBURG PARK AND RIDE,0,338912,45272,0,0
1,3,605469,1 KENNY LIVINGSTON TO REYNOLDSBURG PARK AND RIDE,0,338913,45273,0,0
1,3,605470,1 KENNY LIVINGSTON TO REYNOLDSBURG PARK AND RIDE,0,338914,45272,0,0
1,3,605471,1 KENNY LIVINGSTON TO REYNOLDSBURG PARK AND RIDE,0,338904,45273,0,0
1,3,605472,1 KENNY LIVINGSTON TO REYNOLDSBURG PARK AND RIDE,0,338906,45272,0,0
1,3,605473,1 KENNY LIVINGSTON TO REYNOLDSBURG PARK AND RIDE,0,338905,45273,0,0
1,3,605474,1 KENNY LIVINGSTON TO REYNOLDSBURG PARK AND RIDE,0,338908,45272,0,0
1,3,605475,1 KENNY LIVINGSTON TO REYNOLDSBURG PARK AND RIDE,0,338907,45273,0,0
1,3,605476,1 KENNY LIVINGSTON TO REYNOLDSBURG PARK AND RIDE,0,338910,45272,0,0
1,3,605477,1 KENNY LIVINGSTON TO REYNOLDSBURG PARK AND RIDE,0,338909,45273,0,0
1,3,605478,1 KENNY LIVINGSTON TO REYNOLDSBURG PARK AND RIDE,0,338907,45273,0,0
1,3,605479,1 KENNY LIVINGSTON TO REYNOLDSBURG PARK AND RIDE,0,338911,45273,0,0
1,3,605480,1 KENNY LIVINGSTON TO REYNOLDSBURG PARK AND RIDE,0,338913,45273,0,0
1,3,605481,1 KENNY LIVINGSTON TO REYNOLDSBURG PARK AND RIDE,0,338902,45273,0,0
1,3,605482,1 KENNY LIVINGSTON TO REYNOLDSBURG PARK AND RIDE,0,338909,45273,0,0
1,3,605483,1 KENNY LIVINGSTON TO REYNOLDSBURG PARK AND RIDE,0,338903,45272,0,0
1,3,605484,1 KENNY LIVINGSTON TO REYNOLDSBURG PARK AND RIDE,0,338911,45273,0,0
1,3,605485,1 KENNY LIVINGSTON TO REYNOLDSBURG PARK AND RIDE,0,338912,45272,0,0
1,3,605486,1 KENNY LIVINGSTON TO REYNOLDSBURG PARK AND RIDE,0,338902,45273,0,0
1,3,605487,1 KENNY LIVINGSTON TO REYNOLDSBURG PARK AND RIDE,0,338914,45272,0,0
1,3,605488,1 KENNY LIVINGSTON TO REYNOLDSBURG PARK AND RIDE,0,338913,45273,0,0
1,3,605489,1 KENNY LIVINGSTON TO REYNOLDSBURG PARK AND RIDE,0,338906,45272,0,0
1,3,605490,1 KENNY LIVINGSTON TO REYNOLDSBURG PARK AND RIDE,0,338904,45273,0,0
1,3,605491,1 KENNY LIVINGSTON TO REYNOLDSBURG PARK AND RIDE,0,338908,45272,0,0
1,3,605492,1 KENNY LIVINGSTON TO REYNOLDSBURG PARK AND RIDE,0,338905,45273,0,0
1,3,605493,1 KENNY LIVINGSTON TO REYNOLDSBURG PARK AND RIDE,0,338910,45272,0,0
1,3,605494,1 KENNY LIVINGSTON TO REYNOLDSBURG PARK AND RIDE,0,338907,45273,0,0
1,3,605495,1 KENNY LIVINGSTON TO REYNOLDSBURG PARK AND RIDE,0,338903,45272,0,0
1,3,605496,1 KENNY LIVINGSTON TO REYNOLDSBURG PARK AND RIDE,0,338909,45273,0,0
1,3,605497,1 KENNY LIVINGSTON TO REYNOLDSBURG PARK AND RIDE,0,338912,45272,0,0
1,3,605498,1 KENNY LIVINGSTON TO REYNOLDSBURG PARK AND RIDE,0,338911,45273,0,0
1,3,605499,1 KENNY LIVINGSTON TO REYNOLDSBURG PARK AND RIDE,0,338914,45272,0,0
1,3,605500,1 KENNY LIVINGSTON TO REYNOLDSBURG PARK AND RIDE,0,338902,45273,0,0
1,3,605501,1 KENNY LIVINGSTON TO REYNOLDSBURG PARK AND RIDE,0,338906,45272,0,0
1,3,605502,1 KENNY LIVINGSTON TO REYNOLDSBURG PARK AND RIDE,0,338913,45273,0,0
1,3,605503,1 KENNY LIVINGSTON TO REYNOLDSBURG PARK AND RIDE,0,338908,45272,0,0
1,3,605504,1 KENNY LIVINGSTON TO REYNOLDSBURG PARK AND RIDE,0,338904,45273,0,0
1,3,605505,1 KENNY LIVINGSTON TO REYNOLDSBURG PARK AND RIDE,0,338910,45272,0,0
1,3,605506,1 KENNY LIVINGSTON TO REYNOLDSBURG PARK AND RIDE,0,338905,45273,0,0
1,3,605507,1 KENNY LIVINGSTON TO REYNOLDSBURG PARK AND RIDE,0,338903,45272,0,0
1,3,605508,1 KENNY LIVINGSTON TO REYNOLDSBURG PARK AND RIDE,0,338905,45274,0,0
1,3,605509,1 KENNY LIVINGSTON TO REYNOLDSBURG PARK AND RIDE,0,338909,45272,0,0
1,3,605510,1 KENNY LIVINGSTON TO REYNOLDSBURG PARK AND RIDE,0,338911,45272,0,0
1,3,605511,1 KENNY LIVINGSTON TO REYNOLDSBURG PARK AND RIDE,0,338912,45272,0,0
1,3,605512,1 KENNY LIVINGSTON TO REYNOLDSBURG PARK AND RIDE,0,338914,45272,0,0
1,3,605513,1 KENNY LIVINGSTON TO REYNOLDSBURG PARK AND RIDE,0,338906,45272,0,0
1,3,605514,1 KENNY LIVINGSTON TO REYNOLDSBURG PARK AND RIDE,0,338908,45272,0,0
1,3,605515,1 KENNY LIVINGSTON TO REYNOLDSBURG PARK AND RIDE,0,338910,45272,0,0
1,3,605516,1 KENNY LIVINGSTON TO SAWMILL AND BETHEL,1,338907,45278,0,0
1,3,605517,1 KENNY LIVINGSTON TO SAWMILL AND BETHEL,1,338909,45278,0,0
1,3,605518,1 KENNY LIVINGSTON TO SAWMILL AND BETHEL,1,338911,45278,0,0
1,3,605519,1 KENNY LIVINGSTON TO SAWMILL AND BETHEL,1,338902,45278,0,0
1,3,605520,1 KENNY LIVINGSTON TO RIVERSIDE HOSPITAL,1,338903,45277,0,0
1,3,605521,1 KENNY LIVINGSTON TO SAWMILL AND BETHEL,1,338913,45278,0,0
1,3,605522,1 KENNY LIVINGSTON TO RIVERSIDE HOSPITAL,1,338912,45277,0,0
1,3,605523,1 KENNY LIVINGSTON TO SAWMILL AND BETHEL,1,338904,45278,0,0
1,3,605524,1 KENNY LIVINGSTON TO RIVERSIDE HOSPITAL,1,338914,45277,0,0
1,3,605525,1 KENNY LIVINGSTON TO SAWMILL AND BETHEL,1,338905,45278,0,0
1,3,605526,1 KENNY LIVINGSTON TO RIVERSIDE HOSPITAL,1,338906,45277,0,0
1,3,605527,1 KENNY LIVINGSTON TO SAWMILL AND BETHEL,1,338907,45278,0,0
1,3,605528,1 KENNY LIVINGSTON TO RIVERSIDE HOSPITAL,1,338908,45277,0,0
1,3,605529,1 KENNY LIVINGSTON TO SAWMILL AND BETHEL,1,338909,45278,0,0
1,3,605530,1 KENNY LIVINGSTON TO RIVERSIDE HOSPITAL,1,338910,45277,0,0
1,3,605531,1 KENNY LIVINGSTON TO SAWMILL AND BETHEL,1,338911,45278,0,0
1,3,605532,1 KENNY LIVINGSTON TO RIVERSIDE HOSPITAL,1,338903,45277,0,0
1,3,605533,1 KENNY LIVINGSTON TO SAWMILL AND BETHEL,1,338902,45278,0,0
1,3,605534,1 KENNY LIVINGSTON TO SAWMILL AND BETHEL,1,338913,45278,0,0
1,3,605535,1 KENNY LIVINGSTON TO RIVERSIDE HOSPITAL,1,338914,45277,0,0
1,3,605536,1 KENNY LIVINGSTON TO SAWMILL AND BETHEL,1,338904,45278,0,0
1,3,605537,1 KENNY LIVINGSTON TO RIVERSIDE HOSPITAL,1,338906,45277,0,0
1,3,605538,1 KENNY LIVINGSTON TO SAWMILL AND BETHEL,1,338913,45278,0,0
1,3,605539,1 KENNY LIVINGSTON TO SAWMILL AND BETHEL,1,338905,45278,0,0
1,3,605540,1 KENNY LIVINGSTON TO SAWMILL AND BETHEL,1,338904,45278,0,0
1,3,605541,1 KENNY LIVINGSTON TO SAWMILL AND BETHEL,1,338907,45278,0,0
1,3,605542,1 KENNY LIVINGSTON TO SAWMILL AND BETHEL,1,338905,45278,0,0
1,3,605543,1 KENNY LIVINGSTON TO RIVERSIDE HOSPITAL,1,338908,45277,0,0
1,3,605544,1 KENNY LIVINGSTON TO SAWMILL AND BETHEL,1,338907,45278,0,0
1,3,605545,1 KENNY LIVINGSTON TO RIVERSIDE HOSPITAL,1,338910,45277,0,0
1,3,605546,1 KENNY LIVINGSTON TO SAWMILL AND BETHEL,1,338909,45278,0,0
1,3,605547,1 KENNY LIVINGSTON TO RIVERSIDE HOSPITAL,1,338903,45277,0,0
1,3,605548,1 KENNY LIVINGSTON TO SAWMILL AND BETHEL,1,338911,45278,0,0
1,3,605549,1 KENNY LIVINGSTON TO RIVERSIDE HOSPITAL,1,338912,45277,0,0
1,3,605550,1 KENNY LIVINGSTON TO SAWMILL AND BETHEL,1,338902,45278,0,0
1,3,605551,1 KENNY LIVINGSTON TO RIVERSIDE HOSPITAL,1,338914,45277,0,0
1,3,605552,1 KENNY LIVINGSTON TO SAWMILL AND BETHEL,1,338913,45278,0,0
1,3,605553,1 KENNY LIVINGSTON TO RIVERSIDE HOSPITAL,1,338906,45277,0,0
1,3,605554,1 KENNY LIVINGSTON TO SAWMILL AND BETHEL,1,338904,45278,0,0
1,3,605555,1 KENNY LIVINGSTON TO RIVERSIDE HOSPITAL,1,338908,45277,0,0
1,3,605556,1 KENNY LIVINGSTON TO SAWMILL AND BETHEL,1,338905,45278,0,0
1,3,605557,1 KENNY LIVINGSTON TO RIVERSIDE HOSPITAL,1,338910,45277,0,0
1,3,605558,1 KENNY LIVINGSTON TO SAWMILL AND BETHEL,1,338907,45278,0,0
1,3,605559,1 KENNY LIVINGSTON TO RIVERSIDE HOSPITAL,1,338903,45277,0,0
1,3,605560,1 KENNY LIVINGSTON TO SAWMILL AND BETHEL,1,338909,45278,0,0
1,3,605561,1 KENNY LIVINGSTON TO RIVERSIDE HOSPITAL,1,338912,45277,0,0
1,3,605562,1 KENNY LIVINGSTON TO SAWMILL AND BETHEL,1,338911,45278,0,0
1,3,605563,1 KENNY LIVINGSTON TO RIVERSIDE HOSPITAL,1,338914,45277,0,0
1,3,605564,1 KENNY LIVINGSTON TO SAWMILL AND BETHEL,1,338902,45278,0,0
1,3,605565,1 KENNY LIVINGSTON TO RIVERSIDE HOSPITAL,1,338906,45277,0,0
1,3,605566,1 KENNY LIVINGSTON TO RIVERSIDE HOSPITAL,1,338912,45277,0,0
1,3,605567,1 KENNY LIVINGSTON TO SAWMILL AND BETHEL,1,338906,45279,0,0
1,3,605568,1 KENNY LIVINGSTON TO SAWMILL AND BETHEL,1,338904,45278,0,0
1,3,605569,1 KENNY LIVINGSTON TO SAWMILL AND BETHEL,1,338905,45278,0,0
1,3,605570,1 KENNY LIVINGSTON TO RIVERSIDE HOSPITAL,1,338908,45277,0,0
1,3,605571,1 KENNY LIVINGSTON TO RIVERSIDE HOSPITAL,1,338910,45277,0,0
1,3,605572,1 KENNY LIVINGSTON TO RIVERSIDE HOSPITAL,1,338903,45277,0,0
1,3,605573,1 KENNY LIVINGSTON TO RIVERSIDE HOSPITAL,1,338912,45277,0,0
